Workbook

Sheet todos
A1: Gantt de actividades y recursos – Caso
A3: Paso | B3: Actividad | C3: Responsable | D3: Inicio | E3: Duración | F3: Fin | G3: 0 | H3: 1 | I3: 2 | J3: 3 | K3: 4 | L3: 5 | M3: 6 | N3: 7 | O3: 8 | P3: 9 | Q3: 10 | R3: 11 | S3: 12 | T3: 13 | U3: 14 | V3: 15 | W3: 16 | X3: 17 | Y3: 18 | Z3: 19 | AA3: 20 | AB3: 21 | AC3: 22 | AD3: 23 | AE3: 24 | AF3: 25 | AG3: 26 | AH3: 27 | AI3: 28 | AJ3: 29 | AK3: 30 | AL3: 31 | AM3: 32 | AN3: 33 | AO3: 34 | AP3: 35 | AQ3: 36 | AR3: 37 | AS3: 38 | AT3: 39 | AU3: 40 | AV3: 41 | AW3: 42 | AX3: 43 | AY3: 44 | AZ3: 45 | BA3: 46 | BB3: 47 | BC3: 48 | BD3: 49 | BE3: 50 | BF3: 51 | BG3: 52 | BH3: 53 | BI3: 54 | BJ3: 55 | BK3: 56 | BL3: 57 | BM3: 58 | BN3: 59 | BO3: 60 | BP3: 61 | BQ3: 62 | BR3: 63 | BS3: 64 | BT3: 65 | BU3: 66 | BV3: 67 | BW3: 68 | BX3: 69 | BY3: 70 | BZ3: 71 | CA3: 72 | CB3: 73 | CC3: 74 | CD3: 75 | CE3: 76 | CF3: 77 | CG3: 78 | CH3: 79 | CI3: 80 | CJ3: 81 | CK3: 82 | CL3: 83 | CM3: 84 | CN3: 85 | CO3: 86 | CP3: 87 | CQ3: 88 | CR3: 89 | CS3: 90 | CT3: 91 | CU3: 92 | CV3: 93 | CW3: 94 | CX3: 95 | CY3: 96 | CZ3: 97 | DA3: 98 | DB3: 99 | DC3: 100 | DD3: 101 | DE3: 102 | DF3: 103 | DG3: 104 | DH3: 105
A4: 1 | B4: Recepción y admisión | C4: Agente sanitario/a | D4: 0 | E4: 4 | F4: 4 | G4: 1 | H4: 1 | I4: 1 | J4: 1
A5: 2 | B5: Espera para control | C5: Agente sanitario/a | D5: 4 | E5: 5 | F5: 9 | K5: 1 | L5: 1 | M5: 1 | N5: 1 | O5: 1
A6: 3 | B6: Peso y talla / mediciones | C6: Agente sanitario/a | D6: 9 | E6: 6 | F6: 15 | P6: 1 | Q6: 1 | R6: 1 | S6: 1 | T6: 1 | U6: 1
A7: 4 | B7: Registro de datos | C7: Agente sanitario/a | D7: 15 | E7: 3 | F7: 18 | V7: 1 | W7: 1 | X7: 1
A8: 5 | B8: Evaluación nutricional | C8: Nutricionista | D8: 18 | E8: 10 | F8: 28 | Y8: 1 | Z8: 1 | AA8: 1 | AB8: 1 | AC8: 1 | AD8: 1 | AE8: 1 | AF8: 1 | AG8: 1 | AH8: 1
A9: 6 | B9: Emisión de orden y receta | C9: Pediatra | D9: 28 | E9: 8 | F9: 36 | AI9: 1 | AJ9: 1 | AK9: 1 | AL9: 1 | AM9: 1 | AN9: 1 | AO9: 1 | AP9: 1
A10: 7 | B10: Entrega de suplemento | C10: Auxiliar administrativo/a | D10: 36 | E10: 5 | F10: 41 | AQ10: 1 | AR10: 1 | AS10: 1 | AT10: 1 | AU10: 1
A11: 8 | B11: Programación próximo ctrl | C11: Auxiliar administrativo/a | D11: 41 | E11: 3 | F11: 44 | AV11: 1 | AW11: 1 | AX11: 1
A12: 9 | B12: Cierre administrativo | C12: Auxiliar administrativo/a | D12: 44 | E12: 2 | F12: si sub¡ñl | AY12: 1 | AZ12: 1
A14: Tiempo total del ciclo | D14: 46 | E14: minutos
A16: Supuesto didáctico: los pasos 1 a 4 son realizados por el/la agente sanitario/a; el paso 5 por la nutricionista; el paso 6 por pediatría; y los pasos 7 a 9 por un/a auxiliar administrativo/a.
A21: Gantt de recursos – vista paralela
A23: Recurso | B23: Detalle / uso | C23: Inicio | D23: Duración | E23: Fin | G23: 0 | H23: 1 | I23: 2 | J23: 3 | K23: 4 | L23: 5 | M23: 6 | N23: 7 | O23: 8 | P23: 9 | Q23: 10 | R23: 11 | S23: 12 | T23: 13 | U23: 14 | V23: 15 | W23: 16 | X23: 17 | Y23: 18 | Z23: 19 | AA23: 20 | AB23: 21 | AC23: 22 | AD23: 23 | AE23: 24 | AF23: 25 | AG23: 26 | AH23: 27 | AI23: 28 | AJ23: 29 | AK23: 30 | AL23: 31 | AM23: 32 | AN23: 33 | AO23: 34 | AP23: 35 | AQ23: 36 | AR23: 37 | AS23: 38 | AT23: 39 | AU23: 40 | AV23: 41 | AW23: 42 | AX23: 43 | AY23: 44 | AZ23: 45 | BA23: 46 | BB23: 47 | BC23: 48 | BD23: 49 | BE23: 50 | BF23: 51 | BG23: 52 | BH23: 53 | BI23: 54 | BJ23: 55 | BK23: 56 | BL23: 57 | BM23: 58 | BN23: 59 | BO23: 60 | BP23: 61 | BQ23: 62 | BR23: 63 | BS23: 64 | BT23: 65 | BU23: 66 | BV23: 67 | BW23: 68 | BX23: 69 | BY23: 70 | BZ23: 71 | CA23: 72 | CB23: 73 | CC23: 74 | CD23: 75 | CE23: 76 | CF23: 77 | CG23: 78 | CH23: 79 | CI23: 80 | CJ23: 81 | CK23: 82 | CL23: 83 | CM23: 84 | CN23: 85 | CO23: 86 | CP23: 87 | CQ23: 88 | CR23: 89 | CS23: 90 | CT23: 91 | CU23: 92 | CV23: 93 | CW23: 94 | CX23: 95 | CY23: 96 | CZ23: 97 | DA23: 98 | DB23: 99 | DC23: 100 | DD23: 101 | DE23: 102 | DF23: 103 | DG23: 104 | DH23: 105
A24: Agente sanitario/a | B24: Pasos 1 a 4 | C24: 0 | D24: 18 | E24: 18 | G24: 1 | H24: 1 | I24: 1 | J24: 1 | K24: 1 | L24: 1 | M24: 1 | N24: 1 | O24: 1 | P24: 1 | Q24: 1 | R24: 1 | S24: 1 | T24: 1 | U24: 1 | V24: 1 | W24: 1 | X24: 1 | Y24: 2 | Z24: 2 | AA24: 2 | AB24: 2 | AC24: 2 | AD24: 2 | AE24: 2 | AF24: 2 | AG24: 2 | AH24: 2 | AI24: 2 | AJ24: 2 | AK24: 2 | AL24: 2 | AM24: 2 | AN24: 2 | AO24: 2 | AP24: 2
A25: Nutricionista | B25: Paso 5 | C25: 18 | D25: 10 | E25: 28 | Y25: 1 | Z25: 1 | AA25: 1 | AB25: 1 | AC25: 1 | AD25: 1 | AE25: 1 | AF25: 1 | AG25: 1 | AH25: 1 | AI25: ESPERA PACIENTE 2 | AQ25: 2 | AR25: 2 | AS25: 2 | AT25: 2 | AU25: 2 | AV25: 2 | AW25: 2 | AX25: 2 | AY25: 2 | AZ25: 2
A26: Pediatra | B26: Paso 6 | C26: 28 | D26: 8 | E26: 36 | AI26: 1 | AJ26: 1 | AK26: 1 | AL26: 1 | AM26: 1 | AN26: 1 | AO26: 1 | AP26: 1 | AQ26: TIEMPO MUERTO PEDIATRA | BA26: 2 | BB26: 2 | BC26: 2 | BD26: 2 | BE26: 2 | BF26: 2 | BG26: 2 | BH26: 2
A27: Auxiliar administrativo/a | B27: Pasos 7 a 9 | C27: 36 | D27: 10 | E27: 46 | AQ27: 1 | AR27: 1 | AS27: 1 | AT27: 1 | AU27: 1 | AV27: 1 | AW27: 1 | AX27: 1 | AY27: 1 | AZ27: 1 | BI27: 2 | BJ27: 2 | BK27: 2 | BL27: 2 | BM27: 2 | BN27: 2 | BO27: 2 | BP27: 2 | BQ27: 2 | BR27: 2
A28: Consultorio de nutrición | B28: Paso 5 | C28: 18 | D28: 10 | E28: 28 | Y28: 1 | Z28: 1 | AA28: 1 | AB28: 1 | AC28: 1 | AD28: 1 | AE28: 1 | AF28: 1 | AG28: 1 | AH28: 1
A29: Consultorio de pediatría | B29: Paso 6 | C29: 28 | D29: 8 | E29: 36 | AI29: 1 | AJ29: 1 | AK29: 1 | AL29: 1 | AM29: 1 | AN29: 1 | AO29: 1 | AP29: 1
A30: Balanza y tallímetro | B30: Paso 3 | C30: 9 | D30: 6 | E30: 15 | P30: 1 | Q30: 1 | R30: 1 | S30: 1 | T30: 1 | U30: 1
A31: Sistema / planilla de registro | B31: Paso 4 | C31: 15 | D31: 3 | E31: 18 | V31: 1 | W31: 1 | X31: 1
A32: Depósito / suplementos | B32: Paso 7 | C32: 36 | D32: 5 | E32: 41 | AQ32: 1 | AR32: 1 | AS32: 1 | AT32: 1 | AU32: 1
A33: Sala de espera | B33: Paso 2 | C33: 4 | D33: 5 | E33: 9 | K33: 1 | L33: 1 | M33: 1 | N33: 1 | O33: 1

Sheet Paralelo
A1: Gantt de actividades y recursos – Caso CONIN
A3: Paso | B3: Actividad | C3: Responsable | D3: Inicio | E3: Duración | F3: Fin | G3: 0 | H3: 1 | I3: 2 | J3: 3 | K3: 4 | L3: 5 | M3: 6 | N3: 7 | O3: 8 | P3: 9 | Q3: 10 | R3: 11 | S3: 12 | T3: 13 | U3: 14 | V3: 15 | W3: 16 | X3: 17 | Y3: 18 | Z3: 19 | AA3: 20 | AB3: 21 | AC3: 22 | AD3: 23 | AE3: 24 | AF3: 25 | AG3: 26 | AH3: 27 | AI3: 28 | AJ3: 29 | AK3: 30 | AL3: 31 | AM3: 32 | AN3: 33 | AO3: 34 | AP3: 35 | AQ3: 36 | AR3: 37 | AS3: 38 | AT3: 39 | AU3: 40 | AV3: 41 | AW3: 42 | AX3: 43 | AY3: 44 | AZ3: 45 | BA3: 46 | BB3: 47 | BC3: 48 | BD3: 49 | BE3: 50
A4: 1 | B4: Recepción y admisión | C4: Agente sanitario/a | D4: =0 -> 0 | E4: 4 | F4: =D4+E4 -> 4 | G4: =IF(AND(G$3>=$D4,G$3<$F4),1,"") -> 1 | H4: =IF(AND(H$3>=$D4,H$3<$F4),1,"") -> 1 | I4: =IF(AND(I$3>=$D4,I$3<$F4),1,"") -> 1 | J4: =IF(AND(J$3>=$D4,J$3<$F4),1,"") -> 1 | K4: =IF(AND(K$3>=$D4,K$3<$F4),1,"") | L4: =IF(AND(L$3>=$D4,L$3<$F4),1,"") | M4: =IF(AND(M$3>=$D4,M$3<$F4),1,"") | N4: =IF(AND(N$3>=$D4,N$3<$F4),1,"") | ... BE4: =IF(AND(BE$3>=$D4,BE$3<$F4),1,"")
A5: 2 | B5: Espera para control | C5: Agente sanitario/a | D5: =F4 -> 4 | E5: 5 | F5: =D5+E5 -> 9 | G5: =IF(AND(G$3>=$D5,G$3<$F5),1,"") | H5: =IF(AND(H$3>=$D5,H$3<$F5),1,"") | I5: =IF(AND(I$3>=$D5,I$3<$F5),1,"") | J5: =IF(AND(J$3>=$D5,J$3<$F5),1,"") | K5: =IF(AND(K$3>=$D5,K$3<$F5),1,"") -> 1 | L5: =IF(AND(L$3>=$D5,L$3<$F5),1,"") -> 1 | M5: =IF(AND(M$3>=$D5,M$3<$F5),1,"") -> 1 | N5: =IF(AND(N$3>=$D5,N$3<$F5),1,"") -> 1 | ... BE5: =IF(AND(BE$3>=$D5,BE$3<$F5),1,"")
A6: 3 | B6: Peso y talla / mediciones | C6: Agente sanitario/a | D6: =F5 -> 9 | E6: 6 | F6: =D6+E6 -> 15 | G6: =IF(AND(G$3>=$D6,G$3<$F6),1,"") | H6: =IF(AND(H$3>=$D6,H$3<$F6),1,"") | I6: =IF(AND(I$3>=$D6,I$3<$F6),1,"") | J6: =IF(AND(J$3>=$D6,J$3<$F6),1,"") | K6: =IF(AND(K$3>=$D6,K$3<$F6),1,"") | L6: =IF(AND(L$3>=$D6,L$3<$F6),1,"") | M6: =IF(AND(M$3>=$D6,M$3<$F6),1,"") | N6: =IF(AND(N$3>=$D6,N$3<$F6),1,"") | ... BE6: =IF(AND(BE$3>=$D6,BE$3<$F6),1,"")
A7: 4 | B7: Registro de datos | C7: Agente sanitario/a | D7: =F6 -> 15 | E7: 3 | F7: =D7+E7 -> 18 | G7: =IF(AND(G$3>=$D7,G$3<$F7),1,"") | H7: =IF(AND(H$3>=$D7,H$3<$F7),1,"") | I7: =IF(AND(I$3>=$D7,I$3<$F7),1,"") | J7: =IF(AND(J$3>=$D7,J$3<$F7),1,"") | K7: =IF(AND(K$3>=$D7,K$3<$F7),1,"") | L7: =IF(AND(L$3>=$D7,L$3<$F7),1,"") | M7: =IF(AND(M$3>=$D7,M$3<$F7),1,"") | N7: =IF(AND(N$3>=$D7,N$3<$F7),1,"") | ... BE7: =IF(AND(BE$3>=$D7,BE$3<$F7),1,"")
A8: 5 | B8: Evaluación nutricional | C8: Nutricionista | D8: =F7 -> 18 | E8: 10 | F8: =D8+E8 -> 28 | G8: =IF(AND(G$3>=$D8,G$3<$F8),1,"") | H8: =IF(AND(H$3>=$D8,H$3<$F8),1,"") | I8: =IF(AND(I$3>=$D8,I$3<$F8),1,"") | J8: =IF(AND(J$3>=$D8,J$3<$F8),1,"") | K8: =IF(AND(K$3>=$D8,K$3<$F8),1,"") | L8: =IF(AND(L$3>=$D8,L$3<$F8),1,"") | M8: =IF(AND(M$3>=$D8,M$3<$F8),1,"") | N8: =IF(AND(N$3>=$D8,N$3<$F8),1,"") | ... BE8: =IF(AND(BE$3>=$D8,BE$3<$F8),1,"")
A9: 6 | B9: Emisión de orden y receta | C9: Pediatra | D9: =F8 -> 28 | E9: 8 | F9: =D9+E9 -> 36 | G9: =IF(AND(G$3>=$D9,G$3<$F9),1,"") | H9: =IF(AND(H$3>=$D9,H$3<$F9),1,"") | I9: =IF(AND(I$3>=$D9,I$3<$F9),1,"") | J9: =IF(AND(J$3>=$D9,J$3<$F9),1,"") | K9: =IF(AND(K$3>=$D9,K$3<$F9),1,"") | L9: =IF(AND(L$3>=$D9,L$3<$F9),1,"") | M9: =IF(AND(M$3>=$D9,M$3<$F9),1,"") | N9: =IF(AND(N$3>=$D9,N$3<$F9),1,"") | ... BE9: =IF(AND(BE$3>=$D9,BE$3<$F9),1,"")
A10: 7 | B10: Entrega de suplemento | C10: Auxiliar administrativo/a | D10: =F9 -> 36 | E10: 5 | F10: =D10+E10 -> 41 | G10: =IF(AND(G$3>=$D10,G$3<$F10),1,"") | H10: =IF(AND(H$3>=$D10,H$3<$F10),1,"") | I10: =IF(AND(I$3>=$D10,I$3<$F10),1,"") | J10: =IF(AND(J$3>=$D10,J$3<$F10),1,"") | K10: =IF(AND(K$3>=$D10,K$3<$F10),1,"") | L10: =IF(AND(L$3>=$D10,L$3<$F10),1,"") | M10: =IF(AND(M$3>=$D10,M$3<$F10),1,"") | N10: =IF(AND(N$3>=$D10,N$3<$F10),1,"") | ... BE10: =IF(AND(BE$3>=$D10,BE$3<$F10),1,"")
A11: 8 | B11: Programación próximo control | C11: Auxiliar administrativo/a | D11: =F10 -> 41 | E11: 3 | F11: =D11+E11 -> 44 | G11: =IF(AND(G$3>=$D11,G$3<$F11),1,"") | H11: =IF(AND(H$3>=$D11,H$3<$F11),1,"") | I11: =IF(AND(I$3>=$D11,I$3<$F11),1,"") | J11: =IF(AND(J$3>=$D11,J$3<$F11),1,"") | K11: =IF(AND(K$3>=$D11,K$3<$F11),1,"") | L11: =IF(AND(L$3>=$D11,L$3<$F11),1,"") | M11: =IF(AND(M$3>=$D11,M$3<$F11),1,"") | N11: =IF(AND(N$3>=$D11,N$3<$F11),1,"") | ... BE11: =IF(AND(BE$3>=$D11,BE$3<$F11),1,"")
A12: 9 | B12: Cierre administrativo | C12: Auxiliar administrativo/a | D12: =F11 -> 44 | E12: 2 | F12: =D12+E12 -> 46 | G12: =IF(AND(G$3>=$D12,G$3<$F12),1,"") | H12: =IF(AND(H$3>=$D12,H$3<$F12),1,"") | I12: =IF(AND(I$3>=$D12,I$3<$F12),1,"") | J12: =IF(AND(J$3>=$D12,J$3<$F12),1,"") | K12: =IF(AND(K$3>=$D12,K$3<$F12),1,"") | L12: =IF(AND(L$3>=$D12,L$3<$F12),1,"") | M12: =IF(AND(M$3>=$D12,M$3<$F12),1,"") | N12: =IF(AND(N$3>=$D12,N$3<$F12),1,"") | ... BE12: =IF(AND(BE$3>=$D12,BE$3<$F12),1,"")
A14: Tiempo total del ciclo | D14: =SUM(E4:E12) -> 46 | E14: minutos
A16: Supuesto didáctico: los pasos 1 a 4 son realizados por el/la agente sanitario/a; el paso 5 por la nutricionista; el paso 6 por pediatría; y los pasos 7 a 9 por un/a auxiliar administrativo/a.
A21: Gantt de recursos – vista paralela
A23: Recurso | B23: Detalle / uso | C23: Inicio | D23: Duración | E23: Fin | G23: 0 | H23: 1 | I23: 2 | J23: 3 | K23: 4 | L23: 5 | M23: 6 | N23: 7 | O23: 8 | P23: 9 | Q23: 10 | R23: 11 | S23: 12 | T23: 13 | U23: 14 | V23: 15 | W23: 16 | X23: 17 | Y23: 18 | Z23: 19 | AA23: 20 | AB23: 21 | AC23: 22 | AD23: 23 | AE23: 24 | AF23: 25 | AG23: 26 | AH23: 27 | AI23: 28 | AJ23: 29 | AK23: 30 | AL23: 31 | AM23: 32 | AN23: 33 | AO23: 34 | AP23: 35 | AQ23: 36 | AR23: 37 | AS23: 38 | AT23: 39 | AU23: 40 | AV23: 41 | AW23: 42 | AX23: 43 | AY23: 44 | AZ23: 45 | BA23: 46 | BB23: 47 | BC23: 48 | BD23: 49 | BE23: 50
A24: Agente sanitario/a | B24: Pasos 1 a 4 | C24: =MIN('Gantt actividades'!D4:D7) -> 0 | D24: =SUM('Gantt actividades'!E4:E7) -> 18 | E24: =C24+D24 -> 18 | G24: =IF(AND(G$23>=$C24,G$23<$E24),1,"") -> 1 | H24: =IF(AND(H$23>=$C24,H$23<$E24),1,"") -> 1 | I24: =IF(AND(I$23>=$C24,I$23<$E24),1,"") -> 1 | J24: =IF(AND(J$23>=$C24,J$23<$E24),1,"") -> 1 | K24: =IF(AND(K$23>=$C24,K$23<$E24),1,"") -> 1 | L24: =IF(AND(L$23>=$C24,L$23<$E24),1,"") -> 1 | M24: =IF(AND(M$23>=$C24,M$23<$E24),1,"") -> 1 | N24: =IF(AND(N$23>=$C24,N$23<$E24),1,"") -> 1 | ... BE24: =IF(AND(BE$23>=$C24,BE$23<$E24),1,"")
A25: Nutricionista | B25: Paso 5 | C25: ='Gantt actividades'!D8 -> 18 | D25: ='Gantt actividades'!E8 -> 10 | E25: =C25+D25 -> 28 | G25: =IF(AND(G$23>=$C25,G$23<$E25),1,"") | H25: =IF(AND(H$23>=$C25,H$23<$E25),1,"") | I25: =IF(AND(I$23>=$C25,I$23<$E25),1,"") | J25: =IF(AND(J$23>=$C25,J$23<$E25),1,"") | K25: =IF(AND(K$23>=$C25,K$23<$E25),1,"") | L25: =IF(AND(L$23>=$C25,L$23<$E25),1,"") | M25: =IF(AND(M$23>=$C25,M$23<$E25),1,"") | N25: =IF(AND(N$23>=$C25,N$23<$E25),1,"") | ... BE25: =IF(AND(BE$23>=$C25,BE$23<$E25),1,"")
A26: Pediatra | B26: Paso 6 | C26: ='Gantt actividades'!D9 -> 28 | D26: ='Gantt actividades'!E9 -> 8 | E26: =C26+D26 -> 36 | G26: =IF(AND(G$23>=$C26,G$23<$E26),1,"") | H26: =IF(AND(H$23>=$C26,H$23<$E26),1,"") | I26: =IF(AND(I$23>=$C26,I$23<$E26),1,"") | J26: =IF(AND(J$23>=$C26,J$23<$E26),1,"") | K26: =IF(AND(K$23>=$C26,K$23<$E26),1,"") | L26: =IF(AND(L$23>=$C26,L$23<$E26),1,"") | M26: =IF(AND(M$23>=$C26,M$23<$E26),1,"") | N26: =IF(AND(N$23>=$C26,N$23<$E26),1,"") | ... BE26: =IF(AND(BE$23>=$C26,BE$23<$E26),1,"")
A27: Auxiliar administrativo/a | B27: Pasos 7 a 9 | C27: ='Gantt actividades'!D10 -> 36 | D27: =SUM('Gantt actividades'!E10:E12) -> 10 | E27: =C27+D27 -> 46 | G27: =IF(AND(G$23>=$C27,G$23<$E27),1,"") | H27: =IF(AND(H$23>=$C27,H$23<$E27),1,"") | I27: =IF(AND(I$23>=$C27,I$23<$E27),1,"") | J27: =IF(AND(J$23>=$C27,J$23<$E27),1,"") | K27: =IF(AND(K$23>=$C27,K$23<$E27),1,"") | L27: =IF(AND(L$23>=$C27,L$23<$E27),1,"") | M27: =IF(AND(M$23>=$C27,M$23<$E27),1,"") | N27: =IF(AND(N$23>=$C27,N$23<$E27),1,"") | ... BE27: =IF(AND(BE$23>=$C27,BE$23<$E27),1,"")
A28: Consultorio de nutrición | B28: Paso 5 | C28: ='Gantt actividades'!D8 -> 18 | D28: ='Gantt actividades'!E8 -> 10 | E28: =C28+D28 -> 28 | G28: =IF(AND(G$23>=$C28,G$23<$E28),1,"") | H28: =IF(AND(H$23>=$C28,H$23<$E28),1,"") | I28: =IF(AND(I$23>=$C28,I$23<$E28),1,"") | J28: =IF(AND(J$23>=$C28,J$23<$E28),1,"") | K28: =IF(AND(K$23>=$C28,K$23<$E28),1,"") | L28: =IF(AND(L$23>=$C28,L$23<$E28),1,"") | M28: =IF(AND(M$23>=$C28,M$23<$E28),1,"") | N28: =IF(AND(N$23>=$C28,N$23<$E28),1,"") | ... BE28: =IF(AND(BE$23>=$C28,BE$23<$E28),1,"")
A29: Consultorio de pediatría | B29: Paso 6 | C29: ='Gantt actividades'!D9 -> 28 | D29: ='Gantt actividades'!E9 -> 8 | E29: =C29+D29 -> 36 | G29: =IF(AND(G$23>=$C29,G$23<$E29),1,"") | H29: =IF(AND(H$23>=$C29,H$23<$E29),1,"") | I29: =IF(AND(I$23>=$C29,I$23<$E29),1,"") | J29: =IF(AND(J$23>=$C29,J$23<$E29),1,"") | K29: =IF(AND(K$23>=$C29,K$23<$E29),1,"") | L29: =IF(AND(L$23>=$C29,L$23<$E29),1,"") | M29: =IF(AND(M$23>=$C29,M$23<$E29),1,"") | N29: =IF(AND(N$23>=$C29,N$23<$E29),1,"") | ... BE29: =IF(AND(BE$23>=$C29,BE$23<$E29),1,"")
A30: Balanza y tallímetro | B30: Paso 3 | C30: ='Gantt actividades'!D6 -> 9 | D30: ='Gantt actividades'!E6 -> 6 | E30: =C30+D30 -> 15 | G30: =IF(AND(G$23>=$C30,G$23<$E30),1,"") | H30: =IF(AND(H$23>=$C30,H$23<$E30),1,"") | I30: =IF(AND(I$23>=$C30,I$23<$E30),1,"") | J30: =IF(AND(J$23>=$C30,J$23<$E30),1,"") | K30: =IF(AND(K$23>=$C30,K$23<$E30),1,"") | L30: =IF(AND(L$23>=$C30,L$23<$E30),1,"") | M30: =IF(AND(M$23>=$C30,M$23<$E30),1,"") | N30: =IF(AND(N$23>=$C30,N$23<$E30),1,"") | ... BE30: =IF(AND(BE$23>=$C30,BE$23<$E30),1,"")
A31: Sistema / planilla de registro | B31: Paso 4 | C31: ='Gantt actividades'!D7 -> 15 | D31: ='Gantt actividades'!E7 -> 3 | E31: =C31+D31 -> 18 | G31: =IF(AND(G$23>=$C31,G$23<$E31),1,"") | H31: =IF(AND(H$23>=$C31,H$23<$E31),1,"") | I31: =IF(AND(I$23>=$C31,I$23<$E31),1,"") | J31: =IF(AND(J$23>=$C31,J$23<$E31),1,"") | K31: =IF(AND(K$23>=$C31,K$23<$E31),1,"") | L31: =IF(AND(L$23>=$C31,L$23<$E31),1,"") | M31: =IF(AND(M$23>=$C31,M$23<$E31),1,"") | N31: =IF(AND(N$23>=$C31,N$23<$E31),1,"") | ... BE31: =IF(AND(BE$23>=$C31,BE$23<$E31),1,"")
A32: Depósito / suplementos | B32: Paso 7 | C32: ='Gantt actividades'!D10 -> 36 | D32: ='Gantt actividades'!E10 -> 5 | E32: =C32+D32 -> 41 | G32: =IF(AND(G$23>=$C32,G$23<$E32),1,"") | H32: =IF(AND(H$23>=$C32,H$23<$E32),1,"") | I32: =IF(AND(I$23>=$C32,I$23<$E32),1,"") | J32: =IF(AND(J$23>=$C32,J$23<$E32),1,"") | K32: =IF(AND(K$23>=$C32,K$23<$E32),1,"") | L32: =IF(AND(L$23>=$C32,L$23<$E32),1,"") | M32: =IF(AND(M$23>=$C32,M$23<$E32),1,"") | N32: =IF(AND(N$23>=$C32,N$23<$E32),1,"") | ... BE32: =IF(AND(BE$23>=$C32,BE$23<$E32),1,"")
A33: Sala de espera | B33: Paso 2 | C33: ='Gantt actividades'!D5 -> 4 | D33: ='Gantt actividades'!E5 -> 5 | E33: =C33+D33 -> 9 | G33: =IF(AND(G$23>=$C33,G$23<$E33),1,"") | H33: =IF(AND(H$23>=$C33,H$23<$E33),1,"") | I33: =IF(AND(I$23>=$C33,I$23<$E33),1,"") | J33: =IF(AND(J$23>=$C33,J$23<$E33),1,"") | K33: =IF(AND(K$23>=$C33,K$23<$E33),1,"") -> 1 | L33: =IF(AND(L$23>=$C33,L$23<$E33),1,"") -> 1 | M33: =IF(AND(M$23>=$C33,M$23<$E33),1,"") -> 1 | N33: =IF(AND(N$23>=$C33,N$23<$E33),1,"") -> 1 | ... BE33: =IF(AND(BE$23>=$C33,BE$23<$E33),1,"")
A35: Lectura sugerida: al repetir el proceso para varios niños, la primera concentración de carga aparece en el/la agente sanitario/a; luego el flujo pasa a nutrición y pediatría.

Sheet Gantt actividades
A1: Gantt de actividades – Caso CONIN
A3: Paso | B3: Actividad | C3: Responsable | D3: Inicio | E3: Duración | F3: Fin | G3: 0 | H3: 1 | I3: 2 | J3: 3 | K3: 4 | L3: 5 | M3: 6 | N3: 7 | O3: 8 | P3: 9 | Q3: 10 | R3: 11 | S3: 12 | T3: 13 | U3: 14 | V3: 15 | W3: 16 | X3: 17 | Y3: 18 | Z3: 19 | AA3: 20 | AB3: 21 | AC3: 22 | AD3: 23 | AE3: 24 | AF3: 25 | AG3: 26 | AH3: 27 | AI3: 28 | AJ3: 29 | AK3: 30 | AL3: 31 | AM3: 32 | AN3: 33 | AO3: 34 | AP3: 35 | AQ3: 36 | AR3: 37 | AS3: 38 | AT3: 39 | AU3: 40 | AV3: 41 | AW3: 42 | AX3: 43 | AY3: 44 | AZ3: 45 | BA3: 46 | BB3: 47 | BC3: 48 | BD3: 49 | BE3: 50
A4: 1 | B4: Recepción y admisión | C4: Agente sanitario/a | D4: =0 -> 0 | E4: 4 | F4: =D4+E4 -> 4 | G4: =IF(AND(G$3>=$D4,G$3<$F4),1,"") -> 1 | H4: =IF(AND(H$3>=$D4,H$3<$F4),1,"") -> 1 | I4: =IF(AND(I$3>=$D4,I$3<$F4),1,"") -> 1 | J4: =IF(AND(J$3>=$D4,J$3<$F4),1,"") -> 1 | K4: =IF(AND(K$3>=$D4,K$3<$F4),1,"") | L4: =IF(AND(L$3>=$D4,L$3<$F4),1,"") | M4: =IF(AND(M$3>=$D4,M$3<$F4),1,"") | N4: =IF(AND(N$3>=$D4,N$3<$F4),1,"") | ... BE4: =IF(AND(BE$3>=$D4,BE$3<$F4),1,"")
A5: 2 | B5: Espera para control | C5: Agente sanitario/a | D5: =F4 -> 4 | E5: 5 | F5: =D5+E5 -> 9 | G5: =IF(AND(G$3>=$D5,G$3<$F5),1,"") | H5: =IF(AND(H$3>=$D5,H$3<$F5),1,"") | I5: =IF(AND(I$3>=$D5,I$3<$F5),1,"") | J5: =IF(AND(J$3>=$D5,J$3<$F5),1,"") | K5: =IF(AND(K$3>=$D5,K$3<$F5),1,"") -> 1 | L5: =IF(AND(L$3>=$D5,L$3<$F5),1,"") -> 1 | M5: =IF(AND(M$3>=$D5,M$3<$F5),1,"") -> 1 | N5: =IF(AND(N$3>=$D5,N$3<$F5),1,"") -> 1 | ... BE5: =IF(AND(BE$3>=$D5,BE$3<$F5),1,"")
A6: 3 | B6: Peso y talla / mediciones | C6: Agente sanitario/a | D6: =F5 -> 9 | E6: 6 | F6: =D6+E6 -> 15 | G6: =IF(AND(G$3>=$D6,G$3<$F6),1,"") | H6: =IF(AND(H$3>=$D6,H$3<$F6),1,"") | I6: =IF(AND(I$3>=$D6,I$3<$F6),1,"") | J6: =IF(AND(J$3>=$D6,J$3<$F6),1,"") | K6: =IF(AND(K$3>=$D6,K$3<$F6),1,"") | L6: =IF(AND(L$3>=$D6,L$3<$F6),1,"") | M6: =IF(AND(M$3>=$D6,M$3<$F6),1,"") | N6: =IF(AND(N$3>=$D6,N$3<$F6),1,"") | ... BE6: =IF(AND(BE$3>=$D6,BE$3<$F6),1,"")
A7: 4 | B7: Registro de datos | C7: Agente sanitario/a | D7: =F6 -> 15 | E7: 3 | F7: =D7+E7 -> 18 | G7: =IF(AND(G$3>=$D7,G$3<$F7),1,"") | H7: =IF(AND(H$3>=$D7,H$3<$F7),1,"") | I7: =IF(AND(I$3>=$D7,I$3<$F7),1,"") | J7: =IF(AND(J$3>=$D7,J$3<$F7),1,"") | K7: =IF(AND(K$3>=$D7,K$3<$F7),1,"") | L7: =IF(AND(L$3>=$D7,L$3<$F7),1,"") | M7: =IF(AND(M$3>=$D7,M$3<$F7),1,"") | N7: =IF(AND(N$3>=$D7,N$3<$F7),1,"") | ... BE7: =IF(AND(BE$3>=$D7,BE$3<$F7),1,"")
A8: 5 | B8: Evaluación nutricional | C8: Nutricionista | D8: =F7 -> 18 | E8: 10 | F8: =D8+E8 -> 28 | G8: =IF(AND(G$3>=$D8,G$3<$F8),1,"") | H8: =IF(AND(H$3>=$D8,H$3<$F8),1,"") | I8: =IF(AND(I$3>=$D8,I$3<$F8),1,"") | J8: =IF(AND(J$3>=$D8,J$3<$F8),1,"") | K8: =IF(AND(K$3>=$D8,K$3<$F8),1,"") | L8: =IF(AND(L$3>=$D8,L$3<$F8),1,"") | M8: =IF(AND(M$3>=$D8,M$3<$F8),1,"") | N8: =IF(AND(N$3>=$D8,N$3<$F8),1,"") | ... BE8: =IF(AND(BE$3>=$D8,BE$3<$F8),1,"")
A9: 6 | B9: Emisión de orden y receta | C9: Pediatra | D9: =F8 -> 28 | E9: 8 | F9: =D9+E9 -> 36 | G9: =IF(AND(G$3>=$D9,G$3<$F9),1,"") | H9: =IF(AND(H$3>=$D9,H$3<$F9),1,"") | I9: =IF(AND(I$3>=$D9,I$3<$F9),1,"") | J9: =IF(AND(J$3>=$D9,J$3<$F9),1,"") | K9: =IF(AND(K$3>=$D9,K$3<$F9),1,"") | L9: =IF(AND(L$3>=$D9,L$3<$F9),1,"") | M9: =IF(AND(M$3>=$D9,M$3<$F9),1,"") | N9: =IF(AND(N$3>=$D9,N$3<$F9),1,"") | ... BE9: =IF(AND(BE$3>=$D9,BE$3<$F9),1,"")
A10: 7 | B10: Entrega de suplemento | C10: Auxiliar administrativo/a | D10: =F9 -> 36 | E10: 5 | F10: =D10+E10 -> 41 | G10: =IF(AND(G$3>=$D10,G$3<$F10),1,"") | H10: =IF(AND(H$3>=$D10,H$3<$F10),1,"") | I10: =IF(AND(I$3>=$D10,I$3<$F10),1,"") | J10: =IF(AND(J$3>=$D10,J$3<$F10),1,"") | K10: =IF(AND(K$3>=$D10,K$3<$F10),1,"") | L10: =IF(AND(L$3>=$D10,L$3<$F10),1,"") | M10: =IF(AND(M$3>=$D10,M$3<$F10),1,"") | N10: =IF(AND(N$3>=$D10,N$3<$F10),1,"") | ... BE10: =IF(AND(BE$3>=$D10,BE$3<$F10),1,"")
A11: 8 | B11: Programación próximo control | C11: Auxiliar administrativo/a | D11: =F10 -> 41 | E11: 3 | F11: =D11+E11 -> 44 | G11: =IF(AND(G$3>=$D11,G$3<$F11),1,"") | H11: =IF(AND(H$3>=$D11,H$3<$F11),1,"") | I11: =IF(AND(I$3>=$D11,I$3<$F11),1,"") | J11: =IF(AND(J$3>=$D11,J$3<$F11),1,"") | K11: =IF(AND(K$3>=$D11,K$3<$F11),1,"") | L11: =IF(AND(L$3>=$D11,L$3<$F11),1,"") | M11: =IF(AND(M$3>=$D11,M$3<$F11),1,"") | N11: =IF(AND(N$3>=$D11,N$3<$F11),1,"") | ... BE11: =IF(AND(BE$3>=$D11,BE$3<$F11),1,"")
A12: 9 | B12: Cierre administrativo | C12: Auxiliar administrativo/a | D12: =F11 -> 44 | E12: 2 | F12: =D12+E12 -> 46 | G12: =IF(AND(G$3>=$D12,G$3<$F12),1,"") | H12: =IF(AND(H$3>=$D12,H$3<$F12),1,"") | I12: =IF(AND(I$3>=$D12,I$3<$F12),1,"") | J12: =IF(AND(J$3>=$D12,J$3<$F12),1,"") | K12: =IF(AND(K$3>=$D12,K$3<$F12),1,"") | L12: =IF(AND(L$3>=$D12,L$3<$F12),1,"") | M12: =IF(AND(M$3>=$D12,M$3<$F12),1,"") | N12: =IF(AND(N$3>=$D12,N$3<$F12),1,"") | ... BE12: =IF(AND(BE$3>=$D12,BE$3<$F12),1,"")
A14: Tiempo total del ciclo | D14: =SUM(E4:E12) -> 46 | E14: minutos
A16: Supuesto didáctico: los pasos 1 a 4 son realizados por el/la agente sanitario/a; el paso 5 por la nutricionista; el paso 6 por pediatría; y los pasos 7 a 9 por un/a auxiliar administrativo/a.

Sheet Gantt recursos
A1: Gantt de recursos – Caso CONIN
A3: Recurso | B3: Detalle / uso | C3: Inicio | D3: Duración | E3: Fin | G3: 0 | H3: 1 | I3: 2 | J3: 3 | K3: 4 | L3: 5 | M3: 6 | N3: 7 | O3: 8 | P3: 9 | Q3: 10 | R3: 11 | S3: 12 | T3: 13 | U3: 14 | V3: 15 | W3: 16 | X3: 17 | Y3: 18 | Z3: 19 | AA3: 20 | AB3: 21 | AC3: 22 | AD3: 23 | AE3: 24 | AF3: 25 | AG3: 26 | AH3: 27 | AI3: 28 | AJ3: 29 | AK3: 30 | AL3: 31 | AM3: 32 | AN3: 33 | AO3: 34 | AP3: 35 | AQ3: 36 | AR3: 37 | AS3: 38 | AT3: 39 | AU3: 40 | AV3: 41 | AW3: 42 | AX3: 43 | AY3: 44 | AZ3: 45 | BA3: 46 | BB3: 47 | BC3: 48 | BD3: 49 | BE3: 50
A4: Agente sanitario/a | B4: Pasos 1 a 4 | C4: =MIN('Gantt actividades'!D4:D7) -> 0 | D4: =SUM('Gantt actividades'!E4:E7) -> 18 | E4: =C4+D4 -> 18 | G4: =IF(AND(G$3>=$C4,G$3<$E4),1,"") -> 1 | H4: =IF(AND(H$3>=$C4,H$3<$E4),1,"") -> 1 | I4: =IF(AND(I$3>=$C4,I$3<$E4),1,"") -> 1 | J4: =IF(AND(J$3>=$C4,J$3<$E4),1,"") -> 1 | K4: =IF(AND(K$3>=$C4,K$3<$E4),1,"") -> 1 | L4: =IF(AND(L$3>=$C4,L$3<$E4),1,"") -> 1 | M4: =IF(AND(M$3>=$C4,M$3<$E4),1,"") -> 1 | N4: =IF(AND(N$3>=$C4,N$3<$E4),1,"") -> 1 | ... BE4: =IF(AND(BE$3>=$C4,BE$3<$E4),1,"")
A5: Nutricionista | B5: Paso 5 | C5: ='Gantt actividades'!D8 -> 18 | D5: ='Gantt actividades'!E8 -> 10 | E5: =C5+D5 -> 28 | G5: =IF(AND(G$3>=$C5,G$3<$E5),1,"") | H5: =IF(AND(H$3>=$C5,H$3<$E5),1,"") | I5: =IF(AND(I$3>=$C5,I$3<$E5),1,"") | J5: =IF(AND(J$3>=$C5,J$3<$E5),1,"") | K5: =IF(AND(K$3>=$C5,K$3<$E5),1,"") | L5: =IF(AND(L$3>=$C5,L$3<$E5),1,"") | M5: =IF(AND(M$3>=$C5,M$3<$E5),1,"") | N5: =IF(AND(N$3>=$C5,N$3<$E5),1,"") | ... BE5: =IF(AND(BE$3>=$C5,BE$3<$E5),1,"")
A6: Pediatra | B6: Paso 6 | C6: ='Gantt actividades'!D9 -> 28 | D6: ='Gantt actividades'!E9 -> 8 | E6: =C6+D6 -> 36 | G6: =IF(AND(G$3>=$C6,G$3<$E6),1,"") | H6: =IF(AND(H$3>=$C6,H$3<$E6),1,"") | I6: =IF(AND(I$3>=$C6,I$3<$E6),1,"") | J6: =IF(AND(J$3>=$C6,J$3<$E6),1,"") | K6: =IF(AND(K$3>=$C6,K$3<$E6),1,"") | L6: =IF(AND(L$3>=$C6,L$3<$E6),1,"") | M6: =IF(AND(M$3>=$C6,M$3<$E6),1,"") | N6: =IF(AND(N$3>=$C6,N$3<$E6),1,"") | ... BE6: =IF(AND(BE$3>=$C6,BE$3<$E6),1,"")
A7: Auxiliar administrativo/a | B7: Pasos 7 a 9 | C7: ='Gantt actividades'!D10 -> 36 | D7: =SUM('Gantt actividades'!E10:E12) -> 10 | E7: =C7+D7 -> 46 | G7: =IF(AND(G$3>=$C7,G$3<$E7),1,"") | H7: =IF(AND(H$3>=$C7,H$3<$E7),1,"") | I7: =IF(AND(I$3>=$C7,I$3<$E7),1,"") | J7: =IF(AND(J$3>=$C7,J$3<$E7),1,"") | K7: =IF(AND(K$3>=$C7,K$3<$E7),1,"") | L7: =IF(AND(L$3>=$C7,L$3<$E7),1,"") | M7: =IF(AND(M$3>=$C7,M$3<$E7),1,"") | N7: =IF(AND(N$3>=$C7,N$3<$E7),1,"") | ... BE7: =IF(AND(BE$3>=$C7,BE$3<$E7),1,"")
A8: Consultorio de nutrición | B8: Paso 5 | C8: ='Gantt actividades'!D8 -> 18 | D8: ='Gantt actividades'!E8 -> 10 | E8: =C8+D8 -> 28 | G8: =IF(AND(G$3>=$C8,G$3<$E8),1,"") | H8: =IF(AND(H$3>=$C8,H$3<$E8),1,"") | I8: =IF(AND(I$3>=$C8,I$3<$E8),1,"") | J8: =IF(AND(J$3>=$C8,J$3<$E8),1,"") | K8: =IF(AND(K$3>=$C8,K$3<$E8),1,"") | L8: =IF(AND(L$3>=$C8,L$3<$E8),1,"") | M8: =IF(AND(M$3>=$C8,M$3<$E8),1,"") | N8: =IF(AND(N$3>=$C8,N$3<$E8),1,"") | ... BE8: =IF(AND(BE$3>=$C8,BE$3<$E8),1,"")
A9: Consultorio de pediatría | B9: Paso 6 | C9: ='Gantt actividades'!D9 -> 28 | D9: ='Gantt actividades'!E9 -> 8 | E9: =C9+D9 -> 36 | G9: =IF(AND(G$3>=$C9,G$3<$E9),1,"") | H9: =IF(AND(H$3>=$C9,H$3<$E9),1,"") | I9: =IF(AND(I$3>=$C9,I$3<$E9),1,"") | J9: =IF(AND(J$3>=$C9,J$3<$E9),1,"") | K9: =IF(AND(K$3>=$C9,K$3<$E9),1,"") | L9: =IF(AND(L$3>=$C9,L$3<$E9),1,"") | M9: =IF(AND(M$3>=$C9,M$3<$E9),1,"") | N9: =IF(AND(N$3>=$C9,N$3<$E9),1,"") | ... BE9: =IF(AND(BE$3>=$C9,BE$3<$E9),1,"")
A10: Balanza y tallímetro | B10: Paso 3 | C10: ='Gantt actividades'!D6 -> 9 | D10: ='Gantt actividades'!E6 -> 6 | E10: =C10+D10 -> 15 | G10: =IF(AND(G$3>=$C10,G$3<$E10),1,"") | H10: =IF(AND(H$3>=$C10,H$3<$E10),1,"") | I10: =IF(AND(I$3>=$C10,I$3<$E10),1,"") | J10: =IF(AND(J$3>=$C10,J$3<$E10),1,"") | K10: =IF(AND(K$3>=$C10,K$3<$E10),1,"") | L10: =IF(AND(L$3>=$C10,L$3<$E10),1,"") | M10: =IF(AND(M$3>=$C10,M$3<$E10),1,"") | N10: =IF(AND(N$3>=$C10,N$3<$E10),1,"") | ... BE10: =IF(AND(BE$3>=$C10,BE$3<$E10),1,"")
A11: Sistema / planilla de registro | B11: Paso 4 | C11: ='Gantt actividades'!D7 -> 15 | D11: ='Gantt actividades'!E7 -> 3 | E11: =C11+D11 -> 18 | G11: =IF(AND(G$3>=$C11,G$3<$E11),1,"") | H11: =IF(AND(H$3>=$C11,H$3<$E11),1,"") | I11: =IF(AND(I$3>=$C11,I$3<$E11),1,"") | J11: =IF(AND(J$3>=$C11,J$3<$E11),1,"") | K11: =IF(AND(K$3>=$C11,K$3<$E11),1,"") | L11: =IF(AND(L$3>=$C11,L$3<$E11),1,"") | M11: =IF(AND(M$3>=$C11,M$3<$E11),1,"") | N11: =IF(AND(N$3>=$C11,N$3<$E11),1,"") | ... BE11: =IF(AND(BE$3>=$C11,BE$3<$E11),1,"")
A12: Depósito / suplementos | B12: Paso 7 | C12: ='Gantt actividades'!D10 -> 36 | D12: ='Gantt actividades'!E10 -> 5 | E12: =C12+D12 -> 41 | G12: =IF(AND(G$3>=$C12,G$3<$E12),1,"") | H12: =IF(AND(H$3>=$C12,H$3<$E12),1,"") | I12: =IF(AND(I$3>=$C12,I$3<$E12),1,"") | J12: =IF(AND(J$3>=$C12,J$3<$E12),1,"") | K12: =IF(AND(K$3>=$C12,K$3<$E12),1,"") | L12: =IF(AND(L$3>=$C12,L$3<$E12),1,"") | M12: =IF(AND(M$3>=$C12,M$3<$E12),1,"") | N12: =IF(AND(N$3>=$C12,N$3<$E12),1,"") | ... BE12: =IF(AND(BE$3>=$C12,BE$3<$E12),1,"")
A13: Sala de espera | B13: Paso 2 | C13: ='Gantt actividades'!D5 -> 4 | D13: ='Gantt actividades'!E5 -> 5 | E13: =C13+D13 -> 9 | G13: =IF(AND(G$3>=$C13,G$3<$E13),1,"") | H13: =IF(AND(H$3>=$C13,H$3<$E13),1,"") | I13: =IF(AND(I$3>=$C13,I$3<$E13),1,"") | J13: =IF(AND(J$3>=$C13,J$3<$E13),1,"") | K13: =IF(AND(K$3>=$C13,K$3<$E13),1,"") -> 1 | L13: =IF(AND(L$3>=$C13,L$3<$E13),1,"") -> 1 | M13: =IF(AND(M$3>=$C13,M$3<$E13),1,"") -> 1 | N13: =IF(AND(N$3>=$C13,N$3<$E13),1,"") -> 1 | ... BE13: =IF(AND(BE$3>=$C13,BE$3<$E13),1,"")
A15: Lectura sugerida: al repetir el proceso para varios niños, la primera concentración de carga aparece en el/la agente sanitario/a; luego el flujo pasa a nutrición y pediatría.

Sheet Resumen
A1: Supuestos del ejemplo
A3: Unidad de flujo | B3: 1 niño atendido en una visita de control
A4: Asignación humana | B4: 1-4 Agente sanitario/a | 5 Nutricionista | 6 Pediatra | 7-9 Auxiliar administrativo/a
A5: Duraciones | B5: 4, 5, 6, 3, 10, 8, 5, 3 y 2 minutos
A6: Duración total | B6: =SUM('Gantt actividades'!E4:E12) -> 46
A7: Uso sugerido | B7: Hoja 'Paralelo': actividades arriba y recursos abajo para leer ambas en simultáneo
